{
  "features": [
    "startup_cost",
    "total_cost",
    "plan_rows",
    "plan_width",
    "num_nodes",
    "plan_depth",
    "num_relations",
    "n_seq_scan",
    "n_index_scan",
    "n_bitmap_scan",
    "n_hash_join",
    "n_merge_join",
    "n_nested_loop",
    "n_sort",
    "n_aggregate",
    "n_gather",
    "n_materialize",
    "workers_planned",
    "sum_est_rows",
    "max_est_rows",
    "est_scan_rows",
    "sum_est_width",
    "cost_per_est_row",
    "startup_cost_frac",
    "n_joins"
  ],
  "runtime_summary": {
    "n": 1012,
    "min_ms": 62.522,
    "p25_ms": 346.895,
    "median_ms": 723.0165,
    "p75_ms": 1822.50775,
    "max_ms": 5680.399
  },
  "split_A_random": {
    "LightGBM": {
      "r2": 0.9983519158976973,
      "rmse": 62.21921049921475,
      "mae": 35.92384824203929,
      "median_ae": 17.486674601002676,
      "mape": 3.896587337086404,
      "acc10": 93.10344827586206,
      "acc20": 97.53694581280789
    },
    "XGBoost": {
      "r2": 0.9983557948477904,
      "rmse": 62.14594743345016,
      "mae": 35.34474988725032,
      "median_ae": 16.411703613281247,
      "mape": 3.7601819450753906,
      "acc10": 94.08866995073892,
      "acc20": 97.53694581280789
    },
    "CatBoost": {
      "r2": 0.9976422496606696,
      "rmse": 74.41898099070139,
      "mae": 41.26963446244249,
      "median_ae": 19.705965611098463,
      "mape": 3.8586809858000164,
      "acc10": 93.59605911330048,
      "acc20": 99.01477832512316
    },
    "RandomForest": {
      "r2": 0.9984530199996781,
      "rmse": 60.28054366402044,
      "mae": 34.53535003435425,
      "median_ae": 16.20143185035522,
      "mape": 3.707805234716438,
      "acc10": 95.07389162561576,
      "acc20": 97.04433497536947
    },
    "MLP": {
      "r2": 0.9909454337353691,
      "rmse": 145.83730718232414,
      "mae": 50.57783637430036,
      "median_ae": 21.57371870391512,
      "mape": 4.307218190697048,
      "acc10": 94.58128078817734,
      "acc20": 96.55172413793103
    }
  },
  "significance_A": {
    "XGBoost": {
      "wilcoxon_p": 0.8790636601907239,
      "ttest_p": 0.5096113359052865,
      "lgb_mae": 35.92384824203929,
      "other_mae": 35.34474988725032
    },
    "CatBoost": {
      "wilcoxon_p": 0.11727851422769756,
      "ttest_p": 0.0602054203028225,
      "lgb_mae": 35.92384824203929,
      "other_mae": 41.26963446244249
    },
    "RandomForest": {
      "wilcoxon_p": 0.9647810426207495,
      "ttest_p": 0.32445286434238885,
      "lgb_mae": 35.92384824203929,
      "other_mae": 34.53535003435425
    },
    "MLP": {
      "wilcoxon_p": 0.0893661946179637,
      "ttest_p": 0.032216260160871625,
      "lgb_mae": 35.92384824203929,
      "other_mae": 50.57783637430036
    }
  },
  "split_B_unseen_templates": {
    "holdout": [
      "Q1",
      "Q10",
      "Q17",
      "Q21",
      "Q3"
    ],
    "n_test": 230,
    "results": {
      "LightGBM": {
        "r2": -2.723102134896584,
        "rmse": 1992.9819940251837,
        "mae": 1828.181020107011,
        "median_ae": 2043.1666186573716,
        "mape": 131.09286435062828,
        "acc10": 0.0,
        "acc20": 0.0
      },
      "XGBoost": {
        "r2": -2.330710940867684,
        "rmse": 1885.0347977192407,
        "mae": 1735.2208726817255,
        "median_ae": 1906.733355957031,
        "mape": 119.22514651058353,
        "acc10": 0.0,
        "acc20": 0.0
      },
      "CatBoost": {
        "r2": -1.44514881934349,
        "rmse": 1615.1153633175488,
        "mae": 1373.0315846676451,
        "median_ae": 1282.5114503284792,
        "mape": 68.48934564417277,
        "acc10": 0.43478260869565216,
        "acc20": 0.8695652173913043
      },
      "RandomForest": {
        "r2": -1.2751718818791815,
        "rmse": 1557.966107855521,
        "mae": 1350.7882178006157,
        "median_ae": 1195.0050107114434,
        "mape": 103.6032416408652,
        "acc10": 1.7391304347826086,
        "acc20": 19.130434782608695
      },
      "MLP": {
        "r2": -9.193205821370572,
        "rmse": 3297.663191281502,
        "mae": 2565.369216945648,
        "median_ae": 2527.221815758581,
        "mape": 201.96667620234544,
        "acc10": 0.0,
        "acc20": 0.0
      }
    }
  },
  "significance_B": {
    "XGBoost": {
      "wilcoxon_p": 7.499434442204958e-12,
      "ttest_p": 3.321475331928196e-21,
      "lgb_mae": 1828.181020107011,
      "other_mae": 1735.2208726817255
    },
    "CatBoost": {
      "wilcoxon_p": 0.00024277135503800252,
      "ttest_p": 5.402248771877319e-20,
      "lgb_mae": 1828.181020107011,
      "other_mae": 1373.0315846676451
    },
    "RandomForest": {
      "wilcoxon_p": 3.704307892842395e-19,
      "ttest_p": 8.384874140525857e-19,
      "lgb_mae": 1828.181020107011,
      "other_mae": 1350.7882178006157
    },
    "MLP": {
      "wilcoxon_p": 7.193400163931924e-07,
      "ttest_p": 0.6088283209149863,
      "lgb_mae": 1828.181020107011,
      "other_mae": 2565.369216945648
    }
  },
  "accuracy_breakdown_lgb_A": {
    "\u00b15%": 77.33990147783251,
    "\u00b110%": 93.10344827586206,
    "\u00b115%": 96.55172413793103,
    "\u00b120%": 97.53694581280789,
    "\u00b130%": 99.01477832512316
  },
  "error_stats_lgb_A": {
    "mae": 35.92384824203929,
    "std": 50.80066222627935,
    "median": 17.486674601002676,
    "min": 0.029695477641894286,
    "max": 272.29681897758473
  },
  "per_template_median_ape": {
    "Q1": 0.8064814988319402,
    "Q20": 0.9220635160524333,
    "Q5": 0.9627459924092896,
    "Q17": 1.5877329238026774,
    "Q18": 1.6266108568102022,
    "Q13": 1.6559591379856562,
    "Q3": 1.731101968683136,
    "Q6": 1.8519472032070734,
    "Q21": 2.014668666007809,
    "Q9": 2.0201824956158854,
    "Q8": 2.5740748494979453,
    "Q7": 2.6682642359456663,
    "Q14": 2.6837257345704466,
    "Q4": 2.7567908260053455,
    "Q15": 2.897004083110093,
    "Q22": 3.1192570112979237,
    "Q2": 3.1348291814681106,
    "Q10": 3.592954604094388,
    "Q16": 3.6206111545664665,
    "Q12": 4.700306087603281,
    "Q11": 5.646890946913249,
    "Q19": 6.108818042087043
  }
}